{
  "model_size": "2.7B",
  "vocab": 10000,
  "context_length": 256,
  "d_model": 2560,
  "d_ff": 10240,
  "num_layers": 32,
  "num_heads": 32,
  "batch_size": 4,
  "num_steps": 1,
  "num_warmups": 5,
  "num_trials": 10,
  "forward_only": true,
  "trial_times_ms": [
    251.34662503842264,
    239.03279099613428,
    241.2261230056174,
    253.22553497971967,
    252.64255999354646,
    241.36888998327777,
    241.85666599078104,
    252.18009704258293,
    251.01390900090337,
    244.6941780508496
  ],
  "mean_time_ms": 246.85873740818352,
  "std_time_ms": 5.701154000125378,
  "device": "cuda"
}