{
  "model_size": "large",
  "vocab": 10000,
  "context_length": 256,
  "d_model": 256,
  "d_ff": 1024,
  "num_layers": 4,
  "num_heads": 4,
  "batch_size": 4,
  "num_steps": 1,
  "num_warmups": 5,
  "num_trials": 10,
  "forward_only": false,
  "trial_times_ms": [
    46.82479100301862,
    46.312583988765255,
    46.4172089996282,
    46.26683300011791,
    46.27208301099017,
    46.245207980973646,
    46.13779200008139,
    46.08462500618771,
    46.138334000715986,
    46.43450002186
  ],
  "mean_time_ms": 46.31339590123389,
  "std_time_ms": 0.2132585674781026,
  "device": "mps"
}