{
  "model_size": "small",
  "vocab": 10000,
  "context_length": 256,
  "d_model": 256,
  "d_ff": 1024,
  "num_layers": 4,
  "num_heads": 4,
  "batch_size": 4,
  "num_steps": 1,
  "num_warmups": 5,
  "num_trials": 10,
  "forward_only": false,
  "trial_times_ms": [
    46.51829198701307,
    46.24937498010695,
    46.33954100427218,
    46.21583299012855,
    46.410542010562494,
    46.8562500027474,
    46.396874997299165,
    46.73445798107423,
    46.35333301848732,
    46.32537500583567
  ],
  "mean_time_ms": 46.4399873977527,
  "std_time_ms": 0.20713858789755224,
  "device": "mps"
}