{
  "model_size": "medium",
  "vocab": 10000,
  "context_length": 256,
  "d_model": 1024,
  "d_ff": 4096,
  "num_layers": 24,
  "num_heads": 16,
  "batch_size": 4,
  "num_steps": 1,
  "num_warmups": 0,
  "num_trials": 10,
  "forward_only": false,
  "trial_times_ms": [
    1015.2823269600049,
    193.15005996031687,
    188.33713099593297,
    193.38870898354799,
    188.85556398890913,
    191.78575102705508,
    191.19400501949713,
    198.650433041621,
    188.98243800504133,
    192.88511999184266
  ],
  "mean_time_ms": 274.2511537973769,
  "std_time_ms": 260.38916068504733,
  "device": "cuda"
}