{
  "model_size": "medium",
  "vocab": 10000,
  "context_length": 128,
  "d_model": 1024,
  "d_ff": 4096,
  "num_layers": 24,
  "num_heads": 16,
  "batch_size": 4,
  "num_steps": 1,
  "num_warmups": 5,
  "num_trials": 10,
  "forward_only": true,
  "trial_times_ms": [
    73.51368200033903,
    73.57551803579554,
    73.42281797900796,
    73.41370498761535,
    73.32818495342508,
    75.97736403113231,
    73.62936099525541,
    73.98387702414766,
    72.84896197961643,
    73.33865104010329
  ],
  "mean_time_ms": 73.7032123026438,
  "std_time_ms": 0.8481319243782802,
  "device": "cuda"
}