{
  "model_size": "2.7B",
  "vocab": 10000,
  "context_length": 128,
  "d_model": 2560,
  "d_ff": 10240,
  "num_layers": 32,
  "num_heads": 32,
  "batch_size": 4,
  "num_steps": 1,
  "num_warmups": 0,
  "num_trials": 10,
  "forward_only": true,
  "trial_times_ms": [
    545.7773369853385,
    124.68990799970925,
    126.60720100393519,
    126.2868539779447,
    125.95393200172111,
    125.95437798881903,
    130.30700501985848,
    138.92907201079652,
    135.85366198094562,
    139.4355120137334
  ],
  "mean_time_ms": 171.97948609828018,
  "std_time_ms": 131.46075526924028,
  "device": "cuda"
}