{
  "model_size": "xl",
  "vocab": 10000,
  "context_length": 256,
  "d_model": 1600,
  "d_ff": 6400,
  "num_layers": 48,
  "num_heads": 25,
  "batch_size": 4,
  "num_steps": 1,
  "num_warmups": 1,
  "num_trials": 10,
  "forward_only": true,
  "trial_times_ms": [
    153.31465599592775,
    154.67935899505392,
    155.45015904353932,
    155.57919902494177,
    166.7688189772889,
    166.2085049902089,
    165.8921609632671,
    167.24081797292456,
    182.53783200634643,
    154.75464198971167
  ],
  "mean_time_ms": 162.24261499592103,
  "std_time_ms": 9.24921294816413,
  "device": "cuda"
}