{
  "model_size": "large",
  "vocab": 10000,
  "context_length": 256,
  "d_model": 1280,
  "d_ff": 5120,
  "num_layers": 36,
  "num_heads": 20,
  "batch_size": 4,
  "num_steps": 1,
  "num_warmups": 1,
  "num_trials": 10,
  "forward_only": false,
  "trial_times_ms": [
    301.04723502881825,
    290.65695096505806,
    299.95926399715245,
    296.27891100244597,
    291.20518697891384,
    293.0125640123151,
    292.5382779794745,
    293.24152698973194,
    291.8335809954442,
    291.5010480210185
  ],
  "mean_time_ms": 294.1274545970373,
  "std_time_ms": 3.709138398378833,
  "device": "cuda"
}