{
  "model_size": "small",
  "vocab": 10000,
  "context_length": 128,
  "d_model": 256,
  "d_ff": 1024,
  "num_layers": 4,
  "num_heads": 4,
  "batch_size": 4,
  "num_steps": 1,
  "num_warmups": 5,
  "num_trials": 10,
  "forward_only": false,
  "trial_times_ms": [
    22.14904100401327,
    21.970708010485396,
    21.672125003533438,
    22.24362498964183,
    22.463916015112773,
    21.81854099035263,
    21.773792017484084,
    22.57804200053215,
    21.56104097957723,
    24.9175839999225
  ],
  "mean_time_ms": 22.31484150106553,
  "std_time_ms": 0.973944109033454,
  "device": "mps"
}