{
  "model_size": "medium",
  "vocab": 10000,
  "context_length": 256,
  "d_model": 1024,
  "d_ff": 4096,
  "num_layers": 24,
  "num_heads": 16,
  "batch_size": 4,
  "num_steps": 1,
  "num_warmups": 1,
  "num_trials": 10,
  "forward_only": false,
  "trial_times_ms": [
    189.0254489844665,
    186.64691603044048,
    188.1132860435173,
    186.15583499195054,
    186.15871801739559,
    186.7548329755664,
    185.8931389870122,
    186.27131602261215,
    191.54351501492783,
    185.67528197309002
  ],
  "mean_time_ms": 187.2238289040979,
  "std_time_ms": 1.8439248266624295,
  "device": "cuda"
}