{
  "model_size": "xl",
  "vocab": 10000,
  "context_length": 128,
  "d_model": 1600,
  "d_ff": 6400,
  "num_layers": 48,
  "num_heads": 25,
  "batch_size": 4,
  "num_steps": 1,
  "num_warmups": 0,
  "num_trials": 10,
  "forward_only": false,
  "trial_times_ms": [
    1209.0886289952323,
    353.0064959777519,
    354.7572120442055,
    349.4995450018905,
    347.8738120174967,
    349.5129680377431,
    349.26808095769957,
    348.25083799660206,
    353.95997000159696,
    351.9302930217236
  ],
  "mean_time_ms": 436.7147844051942,
  "std_time_ms": 271.39524584521223,
  "device": "cuda"
}