{
  "model_size": "small",
  "vocab": 10000,
  "context_length": 128,
  "d_model": 768,
  "d_ff": 3072,
  "num_layers": 12,
  "num_heads": 12,
  "batch_size": 4,
  "num_steps": 1,
  "num_warmups": 0,
  "num_trials": 10,
  "forward_only": false,
  "trial_times_ms": [
    927.3464530124329,
    108.4002930438146,
    112.1595100266859,
    108.83846302749589,
    110.73070601560175,
    110.79027300002053,
    108.34218602394685,
    111.90246499609202,
    108.34805195918307,
    119.64439001167193
  ],
  "mean_time_ms": 192.65027911169454,
  "std_time_ms": 258.1679855717543,
  "device": "cuda"
}