{
  "model_size": "large",
  "vocab": 10000,
  "context_length": 256,
  "d_model": 1280,
  "d_ff": 5120,
  "num_layers": 36,
  "num_heads": 20,
  "batch_size": 4,
  "num_steps": 1,
  "num_warmups": 0,
  "num_trials": 10,
  "forward_only": true,
  "trial_times_ms": [
    913.7520910007879,
    114.83477900037542,
    113.99202700704336,
    113.65161405410618,
    114.1999299870804,
    113.986030977685,
    112.30021895607933,
    118.41588700190187,
    115.65386794973165,
    113.8736919965595
  ],
  "mean_time_ms": 194.46601379313506,
  "std_time_ms": 252.73649261819648,
  "device": "cuda"
}