{
  "model_size": "2.7B",
  "vocab": 10000,
  "context_length": 128,
  "d_model": 256,
  "d_ff": 1024,
  "num_layers": 4,
  "num_heads": 4,
  "batch_size": 4,
  "num_steps": 1,
  "num_warmups": 5,
  "num_trials": 10,
  "forward_only": false,
  "trial_times_ms": [
    21.967457985738292,
    21.752125001512468,
    21.751249994849786,
    21.75154199358076,
    22.164291993249208,
    21.79012499982491,
    21.604792011203244,
    22.51658300519921,
    21.680000005289912,
    22.368250007275492
  ],
  "mean_time_ms": 21.934641699772328,
  "std_time_ms": 0.3118914811959661,
  "device": "mps"
}