{
  "model_size": "large",
  "vocab": 10000,
  "context_length": 128,
  "d_model": 256,
  "d_ff": 1024,
  "num_layers": 4,
  "num_heads": 4,
  "batch_size": 4,
  "num_steps": 1,
  "num_warmups": 5,
  "num_trials": 10,
  "forward_only": false,
  "trial_times_ms": [
    22.061499999836087,
    22.289584012469277,
    21.86366598471068,
    22.65654201619327,
    21.5991250006482,
    22.20800000941381,
    21.709833992645144,
    23.851250007282943,
    20.63516600173898,
    22.254750016145408
  ],
  "mean_time_ms": 22.11294170410838,
  "std_time_ms": 0.8200727834627227,
  "device": "mps"
}