{
  "model_size": "2.7B",
  "vocab": 10000,
  "context_length": 256,
  "d_model": 256,
  "d_ff": 1024,
  "num_layers": 4,
  "num_heads": 4,
  "batch_size": 4,
  "num_steps": 1,
  "num_warmups": 5,
  "num_trials": 10,
  "forward_only": false,
  "trial_times_ms": [
    46.39454101561569,
    46.42349999630824,
    46.377999999094754,
    46.42050000256859,
    46.440625010291114,
    46.9030840031337,
    46.47245901287533,
    46.4703330071643,
    46.793874993454665,
    47.07124998094514
  ],
  "mean_time_ms": 46.57681670214515,
  "std_time_ms": 0.2493324047239505,
  "device": "mps"
}