{
  "model_size": "small",
  "vocab": 10000,
  "context_length": 128,
  "d_model": 768,
  "d_ff": 3072,
  "num_layers": 12,
  "num_heads": 12,
  "batch_size": 4,
  "num_steps": 1,
  "num_warmups": 0,
  "num_trials": 10,
  "forward_only": true,
  "trial_times_ms": [
    702.0209489855915,
    39.40404299646616,
    38.66310400189832,
    38.52024400839582,
    38.57505298219621,
    38.56641601305455,
    38.638785015791655,
    38.66388602182269,
    39.21753400936723,
    38.698541990015656
  ],
  "mean_time_ms": 105.09685560245998,
  "std_time_ms": 209.73795627607632,
  "device": "cuda"
}