{
  "model_size": "large",
  "vocab": 10000,
  "context_length": 128,
  "d_model": 1280,
  "d_ff": 5120,
  "num_layers": 36,
  "num_heads": 20,
  "batch_size": 4,
  "num_steps": 1,
  "num_warmups": 5,
  "num_trials": 10,
  "forward_only": false,
  "trial_times_ms": [
    255.8517919969745,
    261.69105601729825,
    256.84528501005843,
    256.2979339854792,
    259.8254240001552,
    254.71837300574407,
    256.5916600287892,
    258.89297702815384,
    253.0629010288976,
    256.94806000683457
  ],
  "mean_time_ms": 257.0725462108385,
  "std_time_ms": 2.4995773913770973,
  "device": "cuda"
}