{
  "model_size": "2.7B",
  "vocab": 10000,
  "context_length": 256,
  "d_model": 2560,
  "d_ff": 10240,
  "num_layers": 32,
  "num_heads": 32,
  "batch_size": 4,
  "num_steps": 1,
  "num_warmups": 0,
  "num_trials": 10,
  "forward_only": false,
  "trial_times_ms": [
    1453.4360289690085,
    729.1010079788975,
    765.6988690141588,
    751.0014399886131,
    751.1218669824302,
    755.1716229645535,
    759.4777360209264,
    755.5509820231237,
    751.897034002468,
    758.2900599809363
  ],
  "mean_time_ms": 823.0746647925116,
  "std_time_ms": 221.69257360583126,
  "device": "cuda"
}