{
  "model_size": "small",
  "vocab": 10000,
  "context_length": 256,
  "d_model": 768,
  "d_ff": 3072,
  "num_layers": 12,
  "num_heads": 12,
  "batch_size": 4,
  "num_steps": 1,
  "num_warmups": 0,
  "num_trials": 10,
  "forward_only": false,
  "trial_times_ms": [
    980.5268059717491,
    111.8113580159843,
    112.13910399237648,
    109.8401679773815,
    113.30369499046355,
    120.01067603705451,
    111.46152095170692,
    113.95957798231393,
    114.93472696747631,
    113.66088502109051
  ],
  "mean_time_ms": 200.1648517907597,
  "std_time_ms": 274.2048085336715,
  "device": "cuda"
}