{
  "model_size": "small",
  "vocab": 10000,
  "context_length": 256,
  "d_model": 768,
  "d_ff": 3072,
  "num_layers": 12,
  "num_heads": 12,
  "batch_size": 4,
  "num_steps": 1,
  "num_warmups": 5,
  "num_trials": 10,
  "forward_only": true,
  "trial_times_ms": [
    38.46613998757675,
    42.93978604255244,
    39.15494098328054,
    37.99017204437405,
    37.58946299785748,
    38.877970015164465,
    37.804830993991345,
    46.02565197274089,
    37.9163870238699,
    37.58301498601213
  ],
  "mean_time_ms": 39.434835704742,
  "std_time_ms": 2.8074235527249307,
  "device": "cuda"
}