{
  "model_size": "2.7B",
  "vocab": 10000,
  "context_length": 128,
  "d_model": 2560,
  "d_ff": 10240,
  "num_layers": 32,
  "num_heads": 32,
  "batch_size": 4,
  "num_steps": 1,
  "num_warmups": 1,
  "num_trials": 10,
  "forward_only": false,
  "trial_times_ms": [
    400.06471099331975,
    393.784856016282,
    415.16437905374914,
    403.2256680075079,
    402.12283900473267,
    411.9896109914407,
    398.4635830274783,
    411.2112750299275,
    403.85716600576416,
    405.1082329824567
  ],
  "mean_time_ms": 404.4992321112659,
  "std_time_ms": 6.615192013642936,
  "device": "cuda"
}