{
  "model_size": "2.7B",
  "vocab": 10000,
  "context_length": 256,
  "d_model": 2560,
  "d_ff": 10240,
  "num_layers": 32,
  "num_heads": 32,
  "batch_size": 4,
  "num_steps": 1,
  "num_warmups": 1,
  "num_trials": 10,
  "forward_only": true,
  "trial_times_ms": [
    232.28968802141026,
    234.52266602544114,
    244.04804199002683,
    252.1659919875674,
    252.67541699577123,
    239.2541219596751,
    243.17965598311275,
    252.1697499905713,
    252.10132298525423,
    243.1213390082121
  ],
  "mean_time_ms": 244.55279949470423,
  "std_time_ms": 7.617148804216073,
  "device": "cuda"
}