{
  "model_size": "xl",
  "vocab": 10000,
  "context_length": 256,
  "d_model": 1600,
  "d_ff": 6400,
  "num_layers": 48,
  "num_heads": 25,
  "batch_size": 4,
  "num_steps": 1,
  "num_warmups": 5,
  "num_trials": 10,
  "forward_only": false,
  "trial_times_ms": [
    507.9869350302033,
    491.49431398836896,
    510.18605404533446,
    489.16644597193226,
    507.86309299292043,
    492.9040849674493,
    507.0637509925291,
    492.7844620542601,
    505.2384380251169,
    492.88612097734585
  ],
  "mean_time_ms": 499.75736990454607,
  "std_time_ms": 8.490910415482832,
  "device": "cuda"
}