{
  "model_size": "2.7B",
  "vocab": 10000,
  "context_length": 128,
  "d_model": 2560,
  "d_ff": 10240,
  "num_layers": 32,
  "num_heads": 32,
  "batch_size": 4,
  "num_steps": 1,
  "num_warmups": 0,
  "num_trials": 10,
  "forward_only": false,
  "trial_times_ms": [
    1303.4506739932112,
    399.1513419896364,
    393.0421349941753,
    422.44123097043484,
    398.6606129910797,
    407.5966830132529,
    409.9763910053298,
    397.3978210124187,
    415.65293294843286,
    400.16735199606046
  ],
  "mean_time_ms": 494.7537174914032,
  "std_time_ms": 284.29328305029264,
  "device": "cuda"
}