{
  "model_size": "2.7B",
  "vocab": 10000,
  "context_length": 128,
  "d_model": 2560,
  "d_ff": 10240,
  "num_layers": 32,
  "num_heads": 32,
  "batch_size": 4,
  "num_steps": 1,
  "num_warmups": 5,
  "num_trials": 10,
  "forward_only": true,
  "trial_times_ms": [
    127.66713998280466,
    137.1953340130858,
    138.1642229971476,
    138.38582299649715,
    135.10344602400437,
    130.2201480139047,
    128.53089399868622,
    128.8968640146777,
    132.10583297768608,
    136.660921969451
  ],
  "mean_time_ms": 133.29306269879453,
  "std_time_ms": 4.269012824213578,
  "device": "cuda"
}