{
  "model_size": "small",
  "vocab": 10000,
  "context_length": 128,
  "d_model": 768,
  "d_ff": 3072,
  "num_layers": 12,
  "num_heads": 12,
  "batch_size": 4,
  "num_steps": 1,
  "num_warmups": 1,
  "num_trials": 10,
  "forward_only": false,
  "trial_times_ms": [
    111.67707404820248,
    112.44651000015438,
    107.09551599575207,
    111.0085510299541,
    111.546455998905,
    109.47717702947557,
    110.80908996518701,
    107.9724800074473,
    112.20664298161864,
    114.30545698385686
  ],
  "mean_time_ms": 110.85449540405534,
  "std_time_ms": 2.154739842369202,
  "device": "cuda"
}