{
  "model_size": "xl",
  "vocab": 10000,
  "context_length": 128,
  "d_model": 1600,
  "d_ff": 6400,
  "num_layers": 48,
  "num_heads": 25,
  "batch_size": 4,
  "num_steps": 1,
  "num_warmups": 5,
  "num_trials": 10,
  "forward_only": false,
  "trial_times_ms": [
    340.66490398254246,
    340.2455809991807,
    338.9573100139387,
    339.7110249497928,
    344.7865010239184,
    343.2068999973126,
    342.1966370078735,
    377.005158981774,
    373.57797898584977,
    343.3119140099734
  ],
  "mean_time_ms": 348.3663909952156,
  "std_time_ms": 14.327748468970094,
  "device": "cuda"
}