{
  "model_size": "large",
  "vocab": 10000,
  "context_length": 128,
  "d_model": 1280,
  "d_ff": 5120,
  "num_layers": 36,
  "num_heads": 20,
  "batch_size": 4,
  "num_steps": 1,
  "num_warmups": 1,
  "num_trials": 10,
  "forward_only": true,
  "trial_times_ms": [
    110.5231269611977,
    109.49993401300162,
    109.47227198630571,
    109.81376998824999,
    109.47161598596722,
    109.44638395449147,
    109.36209000647068,
    109.39175396924838,
    109.37762400135398,
    109.27497601369396
  ],
  "mean_time_ms": 109.56335468799807,
  "std_time_ms": 0.366044843636439,
  "device": "cuda"
}