{
  "model_size": "large",
  "vocab": 10000,
  "context_length": 256,
  "d_model": 1280,
  "d_ff": 5120,
  "num_layers": 36,
  "num_heads": 20,
  "batch_size": 4,
  "num_steps": 1,
  "num_warmups": 1,
  "num_trials": 10,
  "forward_only": true,
  "trial_times_ms": [
    112.12879803497344,
    110.97580997738987,
    111.3336969865486,
    111.27383599523455,
    111.47081002127379,
    111.43507994711399,
    112.65250702854246,
    112.408016982954,
    111.85206600930542,
    112.71338001824915
  ],
  "mean_time_ms": 111.82440010015853,
  "std_time_ms": 0.6192011207989756,
  "device": "cuda"
}