{
  "model_size": "xl",
  "vocab": 10000,
  "context_length": 128,
  "d_model": 1600,
  "d_ff": 6400,
  "num_layers": 48,
  "num_heads": 25,
  "batch_size": 4,
  "num_steps": 1,
  "num_warmups": 1,
  "num_trials": 10,
  "forward_only": true,
  "trial_times_ms": [
    152.85507799126208,
    151.12326300004497,
    151.6804590355605,
    156.763584993314,
    154.13851500488818,
    155.46058001928031,
    154.21478200005367,
    156.16194903850555,
    152.84279000479728,
    154.77395500056446
  ],
  "mean_time_ms": 154.0014956088271,
  "std_time_ms": 1.8682995469251478,
  "device": "cuda"
}