{
  "model_size": "2.7B",
  "vocab": 10000,
  "context_length": 256,
  "d_model": 2560,
  "d_ff": 10240,
  "num_layers": 32,
  "num_heads": 32,
  "batch_size": 4,
  "num_steps": 1,
  "num_warmups": 0,
  "num_trials": 10,
  "forward_only": true,
  "trial_times_ms": [
    828.2327810302377,
    233.45252400031313,
    235.23311305325478,
    240.7617709832266,
    254.90570900728926,
    253.05068999296054,
    238.19955403450876,
    241.92838597809896,
    252.58556997869164,
    252.343746018596
  ],
  "mean_time_ms": 303.06938440771773,
  "std_time_ms": 184.6969682470785,
  "device": "cuda"
}