{
  "model_size": "xl",
  "vocab": 10000,
  "context_length": 128,
  "d_model": 1600,
  "d_ff": 6400,
  "num_layers": 48,
  "num_heads": 25,
  "batch_size": 4,
  "num_steps": 1,
  "num_warmups": 5,
  "num_trials": 10,
  "forward_only": true,
  "trial_times_ms": [
    151.28417900996283,
    150.44825803488493,
    150.45862196711823,
    151.18197904666886,
    150.28063498903066,
    149.6017550234683,
    150.39545798208565,
    150.55293799377978,
    151.0331120225601,
    157.87536196876317
  ],
  "mean_time_ms": 151.31122980383225,
  "std_time_ms": 2.358256245513646,
  "device": "cuda"
}