{
  "model_size": "small",
  "vocab": 10000,
  "context_length": 128,
  "d_model": 768,
  "d_ff": 3072,
  "num_layers": 12,
  "num_heads": 12,
  "batch_size": 4,
  "num_steps": 1,
  "num_warmups": 5,
  "num_trials": 10,
  "forward_only": false,
  "trial_times_ms": [
    114.39852096373215,
    112.60135495103896,
    113.6839910177514,
    109.51244900934398,
    89.98228702694178,
    108.7942430167459,
    115.08169199805707,
    111.61127599189058,
    112.09895502543077,
    109.81088201515377
  ],
  "mean_time_ms": 109.75756510160863,
  "std_time_ms": 7.2599330231683386,
  "device": "cuda"
}