{
  "model_size": "small",
  "vocab": 10000,
  "context_length": 256,
  "d_model": 768,
  "d_ff": 3072,
  "num_layers": 12,
  "num_heads": 12,
  "batch_size": 4,
  "num_steps": 1,
  "num_warmups": 5,
  "num_trials": 10,
  "forward_only": false,
  "trial_times_ms": [
    112.93460900196806,
    112.91296395938843,
    112.1664930251427,
    119.70858101267368,
    112.61506302980706,
    108.67620899807662,
    112.74957400746644,
    112.0354849845171,
    110.28187099145725,
    111.68937501497567
  ],
  "mean_time_ms": 112.5770224025473,
  "std_time_ms": 2.845363763248653,
  "device": "cuda"
}