{
  "model_size": "large",
  "vocab": 10000,
  "context_length": 128,
  "d_model": 1280,
  "d_ff": 5120,
  "num_layers": 36,
  "num_heads": 20,
  "batch_size": 4,
  "num_steps": 1,
  "num_warmups": 0,
  "num_trials": 10,
  "forward_only": false,
  "trial_times_ms": [
    1097.7009549969807,
    269.29354202002287,
    269.47913400363177,
    269.2567079793662,
    269.4975650520064,
    269.55895498394966,
    274.24337301636115,
    266.2037389818579,
    269.16931802406907,
    269.49527801480144
  ],
  "mean_time_ms": 352.3898567073047,
  "std_time_ms": 261.8827384830402,
  "device": "cuda"
}