{
  "model_size": "medium",
  "vocab": 10000,
  "context_length": 128,
  "d_model": 1024,
  "d_ff": 4096,
  "num_layers": 24,
  "num_heads": 16,
  "batch_size": 4,
  "num_steps": 1,
  "num_warmups": 1,
  "num_trials": 10,
  "forward_only": false,
  "trial_times_ms": [
    190.57770899962634,
    186.44290702650324,
    190.08373498218134,
    189.00636403122917,
    191.14962598541752,
    193.09593201614916,
    189.68676996883005,
    191.08347198925912,
    189.0026840264909,
    186.4464799873531
  ],
  "mean_time_ms": 189.657567901304,
  "std_time_ms": 2.0712043695517095,
  "device": "cuda"
}