{
  "model_size": "xl",
  "vocab": 10000,
  "context_length": 256,
  "d_model": 1600,
  "d_ff": 6400,
  "num_layers": 48,
  "num_heads": 25,
  "batch_size": 4,
  "num_steps": 1,
  "num_warmups": 0,
  "num_trials": 10,
  "forward_only": true,
  "trial_times_ms": [
    965.7913440023549,
    153.9105669944547,
    155.21640796214342,
    156.04442195035517,
    155.15818702988327,
    159.44598003989086,
    166.0150290117599,
    167.78635495575145,
    164.29135197540745,
    158.4583559888415
  ],
  "mean_time_ms": 240.21179999108426,
  "std_time_ms": 254.9896125100746,
  "device": "cuda"
}