{
  "model_size": "medium",
  "vocab": 10000,
  "context_length": 128,
  "d_model": 1024,
  "d_ff": 4096,
  "num_layers": 24,
  "num_heads": 16,
  "batch_size": 4,
  "num_steps": 1,
  "num_warmups": 1,
  "num_trials": 10,
  "forward_only": true,
  "trial_times_ms": [
    74.25282098120078,
    72.402368998155,
    72.15354399522766,
    72.08192301914096,
    72.33873300720006,
    73.00241995835677,
    72.01822800561786,
    71.90655096201226,
    72.08653201814741,
    73.2900649891235
  ],
  "mean_time_ms": 72.55331859341823,
  "std_time_ms": 0.7458166245891822,
  "device": "cuda"
}