{
  "model_size": "2.7B",
  "vocab": 10000,
  "context_length": 128,
  "d_model": 2560,
  "d_ff": 10240,
  "num_layers": 32,
  "num_heads": 32,
  "batch_size": 4,
  "num_steps": 1,
  "num_warmups": 1,
  "num_trials": 10,
  "forward_only": true,
  "trial_times_ms": [
    125.42455299990252,
    127.60442198486999,
    127.77682195883244,
    128.09518503490835,
    128.6428909515962,
    127.84716894384474,
    138.66430096095428,
    138.66255502216518,
    137.93310098117217,
    132.50967499334365
  ],
  "mean_time_ms": 131.31606738315895,
  "std_time_ms": 5.204089986522581,
  "device": "cuda"
}