{
  "model_size": "medium",
  "vocab": 10000,
  "context_length": 128,
  "d_model": 1024,
  "d_ff": 4096,
  "num_layers": 24,
  "num_heads": 16,
  "batch_size": 4,
  "num_steps": 1,
  "num_warmups": 5,
  "num_trials": 10,
  "forward_only": false,
  "trial_times_ms": [
    186.72108300961554,
    187.63348698848858,
    187.29861098108813,
    186.47694500396028,
    189.35506499838084,
    187.25508503848687,
    186.7392790154554,
    187.5902470201254,
    211.20016498025507,
    194.44181001745164
  ],
  "mean_time_ms": 190.47117770533077,
  "std_time_ms": 7.655117364559173,
  "device": "cuda"
}