{
  "model_size": "small",
  "vocab": 10000,
  "context_length": 128,
  "d_model": 768,
  "d_ff": 3072,
  "num_layers": 12,
  "num_heads": 12,
  "batch_size": 4,
  "num_steps": 1,
  "num_warmups": 1,
  "num_trials": 10,
  "forward_only": true,
  "trial_times_ms": [
    38.15859800670296,
    37.27034601615742,
    37.08085301332176,
    37.1124729863368,
    37.14931901777163,
    37.17411099933088,
    38.01666997605935,
    37.20279998378828,
    37.11047599790618,
    43.7622619792819
  ],
  "mean_time_ms": 38.003790797665715,
  "std_time_ms": 2.0609170704804516,
  "device": "cuda"
}