{
  "model_size": "2.7B",
  "vocab": 10000,
  "context_length": 256,
  "d_model": 2560,
  "d_ff": 10240,
  "num_layers": 32,
  "num_heads": 32,
  "batch_size": 4,
  "num_steps": 1,
  "num_warmups": 1,
  "num_trials": 10,
  "forward_only": false,
  "trial_times_ms": [
    729.7503019799478,
    766.549514955841,
    750.7169420132414,
    751.1774600134231,
    757.7917209709994,
    760.0038619711995,
    754.8394500045106,
    752.5192549801432,
    757.2861950029619,
    758.3913780399598
  ],
  "mean_time_ms": 753.9026079932228,
  "std_time_ms": 9.704481191029297,
  "device": "cuda"
}