{
  "model_size": "medium",
  "vocab": 10000,
  "context_length": 128,
  "d_model": 256,
  "d_ff": 1024,
  "num_layers": 4,
  "num_heads": 4,
  "batch_size": 4,
  "num_steps": 1,
  "num_warmups": 5,
  "num_trials": 10,
  "forward_only": false,
  "trial_times_ms": [
    22.27087499340996,
    21.589667012449354,
    22.01124999555759,
    22.255250019952655,
    22.455917001934722,
    22.38025001133792,
    21.534625004278496,
    22.720958979334682,
    22.05562498420477,
    21.914749988354743
  ],
  "mean_time_ms": 22.11891679908149,
  "std_time_ms": 0.3748749910792659,
  "device": "mps"
}