{
  "model_size": "large",
  "vocab": 10000,
  "context_length": 128,
  "d_model": 1280,
  "d_ff": 5120,
  "num_layers": 36,
  "num_heads": 20,
  "batch_size": 4,
  "num_steps": 1,
  "num_warmups": 0,
  "num_trials": 10,
  "forward_only": true,
  "trial_times_ms": [
    859.2518969671801,
    111.70503700850531,
    110.51582702202722,
    110.73921498609707,
    110.2259440231137,
    110.11051101377234,
    110.24933401495218,
    110.44442502316087,
    110.00086402054876,
    116.24680500244722
  ],
  "mean_time_ms": 185.94898590818048,
  "std_time_ms": 236.5819063452429,
  "device": "cuda"
}