{
  "model_size": "2.7B",
  "vocab": 10000,
  "context_length": 256,
  "d_model": 2560,
  "d_ff": 10240,
  "num_layers": 32,
  "num_heads": 32,
  "batch_size": 4,
  "num_steps": 1,
  "num_warmups": 5,
  "num_trials": 10,
  "forward_only": false,
  "trial_times_ms": [
    755.3046240354888,
    760.399080987554,
    757.422199996654,
    753.2220929861069,
    756.5136810299009,
    761.4044179790653,
    756.2494420562871,
    753.3447640016675,
    758.81114898948,
    756.633673037868
  ],
  "mean_time_ms": 756.9305125100072,
  "std_time_ms": 2.7040000772884585,
  "device": "cuda"
}