{
  "model_size": "medium",
  "vocab": 10000,
  "context_length": 256,
  "d_model": 1024,
  "d_ff": 4096,
  "num_layers": 24,
  "num_heads": 16,
  "batch_size": 4,
  "num_steps": 1,
  "num_warmups": 5,
  "num_trials": 10,
  "forward_only": true,
  "trial_times_ms": [
    73.83191701956093,
    73.81649198941886,
    73.80116399144754,
    73.68857105029747,
    74.25405195681378,
    73.41826398624107,
    73.60942399827763,
    73.5822239657864,
    73.63707496551797,
    73.75558000057936
  ],
  "mean_time_ms": 73.7394762923941,
  "std_time_ms": 0.221416183324945,
  "device": "cuda"
}