{
  "model_size": "xl",
  "vocab": 10000,
  "context_length": 256,
  "d_model": 256,
  "d_ff": 1024,
  "num_layers": 4,
  "num_heads": 4,
  "batch_size": 4,
  "num_steps": 1,
  "num_warmups": 5,
  "num_trials": 10,
  "forward_only": false,
  "trial_times_ms": [
    45.92591701657511,
    46.13358300412074,
    45.952542015584186,
    45.85379199124873,
    45.90504098450765,
    45.89866701280698,
    46.07504099840298,
    45.97329199896194,
    45.95724999671802,
    46.421874983934686
  ],
  "mean_time_ms": 46.0097000002861,
  "std_time_ms": 0.1671516184663812,
  "device": "mps"
}