{
  "model_size": "small",
  "vocab": 10000,
  "context_length": 256,
  "d_model": 768,
  "d_ff": 3072,
  "num_layers": 12,
  "num_heads": 12,
  "batch_size": 4,
  "num_steps": 1,
  "num_warmups": 1,
  "num_trials": 10,
  "forward_only": false,
  "trial_times_ms": [
    111.41623399453238,
    110.75771105242893,
    108.76887803897262,
    111.26433697063476,
    110.07077700924128,
    119.14987402269617,
    109.57619798136875,
    110.65889499150217,
    112.09570500068367,
    107.92715603020042
  ],
  "mean_time_ms": 111.16857650922611,
  "std_time_ms": 3.0743736452491666,
  "device": "cuda"
}