{
  "model_size": "small",
  "vocab": 10000,
  "context_length": 128,
  "d_model": 768,
  "d_ff": 3072,
  "num_layers": 12,
  "num_heads": 12,
  "batch_size": 4,
  "num_steps": 1,
  "num_warmups": 5,
  "num_trials": 10,
  "forward_only": true,
  "trial_times_ms": [
    37.08336997078732,
    37.12863300461322,
    37.98679501051083,
    36.67307097930461,
    42.904421978164464,
    37.66157402424142,
    37.22581104375422,
    36.771271959878504,
    36.8956730235368,
    36.953572009224445
  ],
  "mean_time_ms": 37.72841930040158,
  "std_time_ms": 1.8623289813569652,
  "device": "cuda"
}