{
  "model_size": "xl",
  "vocab": 10000,
  "context_length": 256,
  "d_model": 1600,
  "d_ff": 6400,
  "num_layers": 48,
  "num_heads": 25,
  "batch_size": 4,
  "num_steps": 1,
  "num_warmups": 1,
  "num_trials": 10,
  "forward_only": false,
  "trial_times_ms": [
    488.02623397205025,
    488.7074800208211,
    509.50363802257925,
    488.30703197745606,
    507.4633790063672,
    491.645312984474,
    504.9662470119074,
    491.5213600033894,
    501.2483060127124,
    494.306439999491
  ],
  "mean_time_ms": 496.5695429011248,
  "std_time_ms": 8.40823021685506,
  "device": "cuda"
}