{
  "model_size": "small",
  "vocab": 10000,
  "context_length": 256,
  "d_model": 768,
  "d_ff": 3072,
  "num_layers": 12,
  "num_heads": 12,
  "batch_size": 4,
  "num_steps": 1,
  "num_warmups": 1,
  "num_trials": 10,
  "forward_only": true,
  "trial_times_ms": [
    38.160049996804446,
    37.511060014367104,
    37.29624301195145,
    37.16457600239664,
    37.120288994628936,
    38.19910896709189,
    37.462624022737145,
    37.312972999643534,
    37.14681201381609,
    37.13606495875865
  ],
  "mean_time_ms": 37.45098009821959,
  "std_time_ms": 0.4071971006057335,
  "device": "cuda"
}