{
  "model_size": "large",
  "vocab": 10000,
  "context_length": 256,
  "d_model": 1280,
  "d_ff": 5120,
  "num_layers": 36,
  "num_heads": 20,
  "batch_size": 4,
  "num_steps": 1,
  "num_warmups": 5,
  "num_trials": 10,
  "forward_only": true,
  "trial_times_ms": [
    109.95474498486146,
    110.97506299847737,
    111.13260599086061,
    109.4248509616591,
    109.72121497616172,
    109.79906201828271,
    109.81029795948416,
    109.69178896630183,
    109.68765197321773,
    112.52269695978612
  ],
  "mean_time_ms": 110.27199777890928,
  "std_time_ms": 0.9739495769031286,
  "device": "cuda"
}