{
  "model_size": "xl",
  "vocab": 10000,
  "context_length": 256,
  "d_model": 1600,
  "d_ff": 6400,
  "num_layers": 48,
  "num_heads": 25,
  "batch_size": 4,
  "num_steps": 1,
  "num_warmups": 0,
  "num_trials": 10,
  "forward_only": false,
  "trial_times_ms": [
    1452.4266709922813,
    486.5681250230409,
    488.3851300110109,
    506.86781597323716,
    488.2967100129463,
    508.50938801886514,
    489.3418080173433,
    506.1532540130429,
    489.9437029962428,
    505.31437201425433
  ],
  "mean_time_ms": 592.1806977072265,
  "std_time_ms": 302.3971723518641,
  "device": "cuda"
}