{
  "model_size": "medium",
  "vocab": 10000,
  "context_length": 256,
  "d_model": 1024,
  "d_ff": 4096,
  "num_layers": 24,
  "num_heads": 16,
  "batch_size": 4,
  "num_steps": 1,
  "num_warmups": 1,
  "num_trials": 10,
  "forward_only": true,
  "trial_times_ms": [
    75.44585899449885,
    74.39677795628086,
    73.76392401056364,
    74.0558149991557,
    74.00001503992826,
    73.9410690148361,
    74.34235198888928,
    73.83346103597432,
    73.63596698269248,
    73.66739900317043
  ],
  "mean_time_ms": 74.10826390259899,
  "std_time_ms": 0.5355302535575702,
  "device": "cuda"
}