{
  "model_size": "xl",
  "vocab": 10000,
  "context_length": 128,
  "d_model": 1600,
  "d_ff": 6400,
  "num_layers": 48,
  "num_heads": 25,
  "batch_size": 4,
  "num_steps": 1,
  "num_warmups": 1,
  "num_trials": 10,
  "forward_only": false,
  "trial_times_ms": [
    406.41105599934235,
    350.17261904431507,
    346.16950200870633,
    345.59072798583657,
    346.163424954284,
    345.92037403490394,
    346.57305403379723,
    347.74782200111076,
    346.27826197538525,
    344.5896919583902
  ],
  "mean_time_ms": 352.56165339960717,
  "std_time_ms": 18.979616074368433,
  "device": "cuda"
}