{
  "model_size": "medium",
  "vocab": 10000,
  "context_length": 256,
  "d_model": 1024,
  "d_ff": 4096,
  "num_layers": 24,
  "num_heads": 16,
  "batch_size": 4,
  "num_steps": 1,
  "num_warmups": 5,
  "num_trials": 10,
  "forward_only": false,
  "trial_times_ms": [
    187.25136196007952,
    188.9086570008658,
    187.7068500034511,
    185.64982298994437,
    188.24989499989897,
    187.43359501240775,
    185.65040896646678,
    186.9571179850027,
    187.1147130150348,
    186.3037149887532
  ],
  "mean_time_ms": 187.1226136921905,
  "std_time_ms": 1.0514475184203533,
  "device": "cuda"
}