{
  "model_size": "large",
  "vocab": 10000,
  "context_length": 128,
  "d_model": 1280,
  "d_ff": 5120,
  "num_layers": 36,
  "num_heads": 20,
  "batch_size": 4,
  "num_steps": 1,
  "num_warmups": 5,
  "num_trials": 10,
  "forward_only": true,
  "trial_times_ms": [
    114.73296995973215,
    114.61643798975274,
    114.16605295380577,
    113.74984303256497,
    88.6076710303314,
    78.10154894832522,
    78.22988997213542,
    78.22640996892005,
    79.17566900141537,
    78.76086898613721
  ],
  "mean_time_ms": 93.83673618431203,
  "std_time_ms": 17.896881706910836,
  "device": "cuda"
}