{
  "model_size": "small",
  "vocab": 10000,
  "context_length": 128,
  "d_model": 64,
  "d_ff": 256,
  "num_layers": 6,
  "num_heads": 2,
  "batch_size": 4,
  "num_steps": 1,
  "num_warmups": 3,
  "num_trials": 5,
  "forward_only": false,
  "trial_times_ms": [
    24.52520898077637,
    24.26895798998885,
    24.215208017267287,
    25.341250002384186,
    24.56887500011362
  ],
  "mean_time_ms": 24.583899998106062,
  "std_time_ms": 0.45065831299102427,
  "device": "mps"
}