{
  "model_size": "small",
  "vocab": 10000,
  "context_length": 256,
  "d_model": 768,
  "d_ff": 3072,
  "num_layers": 12,
  "num_heads": 12,
  "batch_size": 4,
  "num_steps": 1,
  "num_warmups": 5,
  "num_trials": 10,
  "forward_only": false,
  "trial_times_ms": [
    439.6397919917945,
    440.2698329940904,
    437.8928329970222,
    438.497750001261,
    438.7251249863766,
    459.1420420038048,
    448.78274999791756,
    441.1066659959033,
    440.9790000063367,
    447.3088749800809
  ],
  "mean_time_ms": 443.2344665954588,
  "std_time_ms": 6.692153829794469,
  "device": "mps"
}