{
  "model_size": "medium",
  "vocab": 10000,
  "context_length": 128,
  "d_model": 1024,
  "d_ff": 4096,
  "num_layers": 24,
  "num_heads": 16,
  "batch_size": 4,
  "num_steps": 1,
  "num_warmups": 0,
  "num_trials": 10,
  "forward_only": true,
  "trial_times_ms": [
    713.8833189965226,
    76.32424001349136,
    74.93006199365482,
    74.82745498418808,
    74.7573709813878,
    74.79650498135015,
    74.79262299602851,
    75.47372998669744,
    74.0274770068936,
    74.9121509725228
  ],
  "mean_time_ms": 138.8724932912737,
  "std_time_ms": 202.03906409875404,
  "device": "cuda"
}