{
  "model_size": "medium",
  "vocab": 10000,
  "context_length": 256,
  "d_model": 256,
  "d_ff": 1024,
  "num_layers": 4,
  "num_heads": 4,
  "batch_size": 4,
  "num_steps": 1,
  "num_warmups": 5,
  "num_trials": 10,
  "forward_only": false,
  "trial_times_ms": [
    46.41374998027459,
    46.41145799541846,
    46.46070799208246,
    46.407667017774656,
    46.397084021009505,
    46.822291013086215,
    46.96954198880121,
    46.378583007026464,
    46.96787500870414,
    46.60537498421036
  ],
  "mean_time_ms": 46.583433300838806,
  "std_time_ms": 0.24390861435911657,
  "device": "mps"
}