{
  "model_size": "medium",
  "vocab": 10000,
  "context_length": 256,
  "d_model": 1024,
  "d_ff": 4096,
  "num_layers": 24,
  "num_heads": 16,
  "batch_size": 4,
  "num_steps": 1,
  "num_warmups": 0,
  "num_trials": 10,
  "forward_only": true,
  "trial_times_ms": [
    715.3309549903497,
    77.0894919987768,
    74.70511499559507,
    74.52679402194917,
    74.70710901543498,
    74.65923699783161,
    74.64793400140479,
    74.94632404996082,
    74.66476003173739,
    73.84329801425338
  ],
  "mean_time_ms": 138.91210181172937,
  "std_time_ms": 202.53466651916068,
  "device": "cuda"
}