{
  "model_size": "large",
  "vocab": 10000,
  "context_length": 128,
  "d_model": 1280,
  "d_ff": 5120,
  "num_layers": 36,
  "num_heads": 20,
  "batch_size": 4,
  "num_steps": 1,
  "num_warmups": 1,
  "num_trials": 10,
  "forward_only": false,
  "trial_times_ms": [
    260.1878860150464,
    259.3459620256908,
    259.44463297491893,
    260.11468103388324,
    265.6421670108102,
    264.77879099547863,
    259.2046100180596,
    257.8895919723436,
    258.366032037884,
    257.9314640024677
  ],
  "mean_time_ms": 260.2905818086583,
  "std_time_ms": 2.721240013926575,
  "device": "cuda"
}