{
  "model_size": "xl",
  "vocab": 10000,
  "context_length": 128,
  "d_model": 256,
  "d_ff": 1024,
  "num_layers": 4,
  "num_heads": 4,
  "batch_size": 4,
  "num_steps": 1,
  "num_warmups": 5,
  "num_trials": 10,
  "forward_only": false,
  "trial_times_ms": [
    22.34383299946785,
    22.651291015790775,
    23.459167015971616,
    20.756709011038765,
    21.883958019316196,
    22.19599997624755,
    21.972584014292806,
    22.271708003245294,
    22.000375000061467,
    22.302249999484047
  ],
  "mean_time_ms": 22.183787505491637,
  "std_time_ms": 0.6747326483577876,
  "device": "mps"
}