{
  "model_size": "xl",
  "vocab": 10000,
  "context_length": 256,
  "d_model": 1600,
  "d_ff": 6400,
  "num_layers": 48,
  "num_heads": 25,
  "batch_size": 4,
  "num_steps": 1,
  "num_warmups": 5,
  "num_trials": 10,
  "forward_only": true,
  "trial_times_ms": [
    158.46779802814126,
    167.75112703908235,
    166.4337110123597,
    164.85692700371146,
    157.99607598455623,
    156.0274079674855,
    157.31511201011017,
    166.17690003477037,
    170.66031298600137,
    165.32694699708372
  ],
  "mean_time_ms": 163.1012319063302,
  "std_time_ms": 5.146866910435426,
  "device": "cuda"
}