{
  "model_size": "large",
  "vocab": 10000,
  "context_length": 256,
  "d_model": 1280,
  "d_ff": 5120,
  "num_layers": 36,
  "num_heads": 20,
  "batch_size": 4,
  "num_steps": 1,
  "num_warmups": 0,
  "num_trials": 10,
  "forward_only": false,
  "trial_times_ms": [
    1183.72485099826,
    300.16297299880534,
    287.4227510183118,
    289.5121659967117,
    293.11530699487776,
    288.8801410445012,
    289.73873803624883,
    292.3515329603106,
    291.25257598934695,
    294.06243696575984
  ],
  "mean_time_ms": 381.0223473003134,
  "std_time_ms": 282.0634735408397,
  "device": "cuda"
}