{
  "model_size": "xl",
  "vocab": 10000,
  "context_length": 128,
  "d_model": 1600,
  "d_ff": 6400,
  "num_layers": 48,
  "num_heads": 25,
  "batch_size": 4,
  "num_steps": 1,
  "num_warmups": 0,
  "num_trials": 10,
  "forward_only": true,
  "trial_times_ms": [
    847.1528410445899,
    148.7706289626658,
    146.86888200230896,
    145.75290901120752,
    145.3879940090701,
    145.45893197646365,
    145.50573198357597,
    145.80596704035997,
    145.45227104099467,
    148.24883901746944
  ],
  "mean_time_ms": 216.4404996088706,
  "std_time_ms": 221.6131428081391,
  "device": "cuda"
}