{
  "model_size": "large",
  "vocab": 10000,
  "context_length": 256,
  "d_model": 1280,
  "d_ff": 5120,
  "num_layers": 36,
  "num_heads": 20,
  "batch_size": 4,
  "num_steps": 1,
  "num_warmups": 5,
  "num_trials": 10,
  "forward_only": false,
  "trial_times_ms": [
    295.3850090270862,
    299.3849400081672,
    293.06116403313354,
    295.6568819936365,
    295.0966039788909,
    295.1140879886225,
    299.74374698940665,
    302.5051180156879,
    295.1786749763414,
    295.05607701139525
  ],
  "mean_time_ms": 296.6182304022368,
  "std_time_ms": 2.911035765345348,
  "device": "cuda"
}