{
  "model_size": "medium",
  "vocab": 10000,
  "context_length": 128,
  "d_model": 1024,
  "d_ff": 4096,
  "num_layers": 24,
  "num_heads": 16,
  "batch_size": 4,
  "num_steps": 1,
  "num_warmups": 0,
  "num_trials": 10,
  "forward_only": false,
  "trial_times_ms": [
    920.7196889910847,
    190.718709025532,
    189.50348196085542,
    188.28177795512602,
    187.65800399705768,
    190.76011201832443,
    187.91270098881796,
    186.99460005154833,
    191.96152995573357,
    188.1480269948952
  ],
  "mean_time_ms": 262.26586319389753,
  "std_time_ms": 231.36266835444684,
  "device": "cuda"
}