{
  "model_size": "2.7B",
  "vocab": 10000,
  "context_length": 128,
  "d_model": 2560,
  "d_ff": 10240,
  "num_layers": 32,
  "num_heads": 32,
  "batch_size": 4,
  "num_steps": 1,
  "num_warmups": 5,
  "num_trials": 10,
  "forward_only": false,
  "trial_times_ms": [
    403.11070199823007,
    411.23943199636415,
    400.24109196383506,
    413.3695749915205,
    402.5826299912296,
    405.3357589873485,
    407.57102001225576,
    402.1289519732818,
    410.41923698503524,
    403.1486560124904
  ],
  "mean_time_ms": 405.9147054911591,
  "std_time_ms": 4.477538572929332,
  "device": "cuda"
}