{
  "model_size": "small",
  "vocab": 10000,
  "context_length": 256,
  "d_model": 768,
  "d_ff": 3072,
  "num_layers": 12,
  "num_heads": 12,
  "batch_size": 4,
  "num_steps": 1,
  "num_warmups": 0,
  "num_trials": 10,
  "forward_only": true,
  "trial_times_ms": [
    739.4155650399625,
    37.57350298110396,
    36.609424976632,
    36.5707739838399,
    36.31880600005388,
    36.3018789794296,
    37.50666102860123,
    36.34401300223544,
    36.48355300538242,
    36.48320899810642
  ],
  "mean_time_ms": 106.96073879953474,
  "std_time_ms": 222.2224646557628,
  "device": "cuda"
}